600201,50203,300100,01-01-2012,done
600202,50204,300101,15-02-2013,done 
600203,50205,300102,16-06-2014,cancelled
600204,50206,300103,19-03-2013,done
600205,50207,300104,31-05-2014,done
600206,50208,300105,05-04-2015,done
600207,50209,300106,06-08-2012,done 
600208,50210,300107,06-07-2013,cancelled
600209,50211,300108,01-03-2016,done
600210,50212,300109,09-08-2016,done
600211,50213,300110,10-08-2014,done
600212,50214,300111,15-01-2012,done 
600213,50215,300112,16-01-2012,cancelled
600214,50216,300113,17-01-2012,done
600215,50217,300114,18-01-2012,done
600216,50218,300115,19-01-2012,done
600217,50219,300116,20-01-2012,done 
600218,50220,300117,15-02-2014,cancelled
600219,50221,300118,15-03-2014,done
600220,50222,300119,17-08-2015,done
600221,50223,300120,01-05-2016,done
600222,50224,300121,05-02-2015,done 
600223,50225,300122,07-08-2014,cancelled
600224,50226,300123,10-02-2012,done
600225,50227,300124,01-01-2013,done
600226,50228,300125,05-09-2012,done
600227,50229,300126,23-08-2014,done 
600228,50230,300127,18/082013,cancelled
600229,50231,300128,27-01-2014,done
600230,50232,300129,15-03-2015,done 
600231,50233,300100,17-02-2013,cancelled
600232,50234,300101,18-04-2014,done
600233,50235,300102,19-06-2015,done
600234,50236,300103,18-08-2016,done
600235,50237,300104,23-09-2016,done 
600236,50238,300105,27-10-2016,cancelled
600237,50239,300106,01-12-2016,done
600238,50240,300107,30-07-2012,done
600239,50241,300108,15-03-2013,done
600240,50242,300109,21-05-2014,done 
600241,50243,300110,15-04-2015,cancelled
600242,50244,300111,01-12-2011,done
600243,50245,300112,31-05-2015,done
600244,50246,300113,23-05-2015,done 
600245,50247,300114,12-08-2014,cancelled
600246,50248,300115,01-12-2014,done
600247,50249,300116,01-01-2014,done
600248,50250,300117,08-08-2015,done
600249,50251,300118,01-12-2011,done 
600250,50252,300119,10-08-2013,cancelled
600251,50253,300120,23-07-2014,done
600252,50254,300121,19-08-2016,done
600253,50255,300122,27-07-2014,done
600254,50256,300123,05-05-2016,done 
600255,50257,300124,23-08-2016,cancelled
600256,50258,300125,01-01-2016,done
600257,50259,300126,25-05-2015,done
600258,50260,300127,05-09-2012,done
600259,50261,300128,08-07-2014,done 
600260,50262,300129,01-01-2015,cancelled
600261,50263,300100,26-06-2016,done
600262,50264,300101,10-09-2013,done
600263,50265,300102,05-11-2014,done
600264,50266,300103,06-04-2015,done 
600265,50267,300104,02-02-2013,done
600266,50268,300105,15-08-2014,done 
600267,50269,300106,02-02-2016,cancelled
600268,50270,300107,05-03-2016,done
600269,50271,300108,09-04-2016,done
600270,50272,300109,12-05-2016,done
600271,50273,300110,16-06-2016,done 
600272,50274,300111,19-07-2016,cancelled
600273,50275,300112,22-08-2016,done
600274,50276,300113,26-09-2016,done
600275,50277,300114,29-10-2016,done
600276,50278,300115,02-12-2016,done 
600277,50279,300116,05-01-2017,done 
600278,50280,300117,11-02-2017,done
600279,50281,300118,14-03-2017,in progress
600280,50282,300119,18-04-2017,done 
600281,50283,300120,21-05-2017,done 
600282,50284,300121,25-06-2017,done
600283,50285,300122,28-07-2017,in progress
600284,50286,300123,01-09-2017,done 
600285,50287,300124,04-10-2017,done 
600286,50288,300125,08-11-2017,done
600287,50289,300126,11-12-2017,in progress
600288,50290,300127,14-01-2018,done 
600289,50291,300128,20-02-2018,in progress
600290,50292,300129,23-03-2018,in progress
600291,50293,300100,27-04-2018,in progress
600292,50294,300101,30-05-2018,in progress
600293,50295,300102,03-07-2018,done
600294,50296,300103,06-08-2018,done
600295,50297,300104,10-09-2018,in progress
600296,50298,300105,13-10-2018,in progress
600297,50299,300106,17-11-2018,in progress
